36.682;1480.000
37.076;1466.000
37.469;1492.000
37.862;1464.000
38.255;1473.000
38.649;1470.000
39.042;1482.000
39.435;1486.000
39.828;1458.000
40.221;1494.000
40.614;1457.000
41.008;1460.000
41.401;1454.000
41.794;1459.000
42.187;1505.000
42.580;1476.000
42.973;1449.000
43.366;1460.000
43.759;1483.000
44.152;1460.000
44.545;1451.000
44.938;1475.000
45.331;1468.000
45.724;1459.000
46.116;1465.000
46.509;1497.000
46.902;1466.000
47.295;1448.000
47.688;1466.000
48.080;1473.000
48.473;1474.000
48.866;1490.000
49.259;1499.000
49.651;1450.000
50.044;1460.000
50.437;1490.000
50.829;1471.000
51.222;1470.000
51.615;1492.000
52.007;1451.000
52.400;1507.000
52.792;1490.000
53.185;1463.000
53.577;1487.000
53.970;1451.000
54.362;1477.000
54.755;1484.000
55.147;1445.000
55.539;1473.000
55.932;1466.000
56.324;1485.000
56.716;1489.000
57.109;1469.000
57.501;1480.000
57.893;1482.000
58.286;1468.000
58.678;1483.000
59.070;1489.000
59.462;1466.000
59.855;1490.000
60.247;1486.000
60.639;1466.000
61.031;1478.000
61.423;1489.000
61.815;1462.000
62.207;1472.000
62.599;1477.000
62.991;1452.000
63.383;1493.000
63.775;1493.000
64.167;1506.000
64.559;1476.000
64.951;1456.000
65.343;1490.000
65.735;1492.000
66.127;1457.000
66.519;1458.000
66.910;1476.000
67.302;1473.000
67.694;1469.000
68.086;1463.000
68.478;1522.000
68.869;1511.000
69.261;1478.000
69.653;1507.000
70.044;1475.000
70.436;1488.000
70.828;1450.000
71.219;1488.000
71.611;1459.000
72.003;1451.000
72.394;1451.000
72.786;1463.000
73.177;1477.000
73.569;1491.000
73.960;1458.000
74.352;1481.000
74.743;1493.000
75.134;1485.000
75.526;1460.000
75.917;1460.000
76.309;1459.000
76.700;1468.000
77.091;1462.000
77.483;1485.000
77.874;1465.000
78.265;1443.000
78.656;1450.000
79.048;1464.000
79.439;1468.000
79.830;1468.000
80.221;1477.000
80.612;1487.000
81.004;1527.000
81.395;1525.000
81.786;1507.000
82.177;1447.000
82.568;1449.000
82.959;1486.000
83.350;1472.000
83.741;1479.000
84.132;1488.000
84.523;1465.000
84.914;1459.000
85.305;1483.000
85.696;1468.000
86.086;1497.000
86.477;1467.000
86.868;1466.000
87.259;1512.000
87.650;1491.000
88.041;1473.000
88.431;1461.000
88.822;1463.000
89.213;1486.000
89.604;1456.000
89.994;1475.000
90.385;1467.000
90.775;1492.000
91.166;1440.000
91.557;1476.000
91.947;1494.000
92.338;1468.000
92.728;1487.000
93.119;1482.000
93.509;1483.000
93.900;1469.000
94.290;1471.000
94.681;1458.000
95.071;1452.000
95.462;1483.000
95.852;1469.000
96.242;1482.000
96.633;1461.000
97.023;1461.000
97.414;1456.000
97.804;1454.000
98.194;1444.000
98.584;1475.000
98.975;1458.000
99.365;1469.000
99.755;1451.000
100.145;1498.000
100.535;1484.000
100.925;1473.000
101.316;1470.000
101.706;1457.000
102.096;1485.000
102.486;1492.000
102.876;1478.000
103.266;1466.000
103.656;1521.000
104.046;1470.000
104.436;1478.000
104.826;1504.000
105.216;1479.000
105.606;1463.000
105.996;1454.000
106.385;1482.000
106.775;1491.000
107.165;1451.000
107.555;1463.000
107.945;1476.000
108.334;1527.000
108.724;1508.000
109.114;1462.000
109.504;1467.000
109.893;1475.000
110.283;1462.000
110.673;1472.000
111.062;1495.000
111.452;1466.000
111.842;1521.000
112.231;1457.000
112.621;1455.000
113.010;1472.000
113.400;1445.000
113.789;1470.000
114.179;1479.000
114.568;1459.000
114.958;1488.000
115.347;1456.000
115.736;1466.000
116.126;1455.000
116.515;1476.000
116.905;1463.000
117.294;1471.000
117.683;1454.000
118.072;1457.000
118.462;1467.000
118.851;1514.000
119.240;1496.000
119.629;1451.000
120.019;1499.000
120.408;1458.000
120.797;1478.000
121.186;1484.000
121.575;1503.000
121.964;1456.000
122.353;1465.000
122.742;1458.000
123.131;1482.000
123.520;1466.000
123.909;1476.000
124.298;1473.000
124.687;1462.000
125.076;1451.000
125.465;1474.000
125.854;1462.000
126.243;1447.000
126.632;1458.000
127.021;1470.000
127.410;1499.000
127.798;1484.000
128.187;1484.000
128.576;1451.000
128.965;1475.000
129.353;1475.000
129.742;1479.000
130.131;1489.000
130.519;1484.000
130.908;1486.000
131.297;1473.000
131.685;1485.000
132.074;1437.000
132.462;1477.000
132.851;1473.000
133.240;1478.000
133.628;1463.000
134.017;1465.000
134.405;1466.000
134.793;1470.000
135.182;1492.000
135.570;1538.000
135.959;1493.000
136.347;1483.000
136.735;1445.000
137.124;1451.000
137.512;1454.000
137.900;1474.000
138.289;1510.000
138.677;1463.000
139.065;1498.000
139.453;1489.000
139.842;1462.000
140.230;1441.000
140.618;1477.000
141.006;1467.000
141.394;1455.000
141.782;1471.000
142.170;1485.000
142.558;1453.000
142.947;1452.000
143.335;1455.000
143.723;1461.000
144.111;1459.000
144.499;1449.000
144.886;1447.000
145.274;1539.000
145.662;1479.000
146.050;1462.000
146.438;1480.000
146.826;1532.000
147.214;1500.000
147.602;1457.000
147.989;1484.000
148.377;1464.000
148.765;1460.000
149.153;1462.000
149.540;1461.000
149.928;1456.000
150.316;1480.000
150.703;1496.000
151.091;1475.000
151.479;1454.000
151.866;1464.000
152.254;1457.000
152.641;1478.000
153.029;1463.000
153.417;1475.000
153.804;1467.000
154.192;1505.000
154.579;1494.000
154.966;1476.000
155.354;1455.000
155.741;1471.000
156.129;1496.000
156.516;1453.000
156.903;1483.000
157.291;1443.000
157.678;1445.000
158.065;1453.000
158.453;1486.000
158.840;1463.000
159.227;1450.000
159.614;1473.000
160.002;1455.000
160.389;1520.000
160.776;1446.000
161.163;1456.000
161.550;1454.000
161.937;1485.000
162.324;1463.000
162.711;1478.000
163.098;1469.000
163.485;1477.000
163.872;1552.000
164.259;1462.000
164.646;1447.000
165.033;1451.000
165.420;1455.000
165.807;1486.000
166.194;1474.000
166.581;1459.000
166.968;1539.000
167.355;1482.000
167.741;1457.000
168.128;1477.000
168.515;1462.000
168.902;1453.000
169.289;1457.000
169.675;1454.000
170.062;1469.000
170.449;1461.000
170.835;1471.000
171.222;1471.000
171.609;1496.000
171.995;1479.000
172.382;1470.000
172.768;1513.000
173.155;1484.000
173.541;1490.000
173.928;1454.000
174.314;1513.000
174.701;1483.000
175.087;1439.000
175.474;1448.000
175.860;1475.000
176.246;1466.000
176.633;1458.000
177.019;1456.000
177.406;1478.000
177.792;1460.000
178.178;1487.000
178.564;1474.000
178.951;1447.000
179.337;1449.000
179.723;1485.000
180.109;1495.000
180.495;1452.000
180.882;1479.000
181.268;1470.000
181.654;1457.000
182.040;1450.000
182.426;1446.000
182.812;1450.000
183.198;1461.000
183.584;1454.000
183.970;1481.000
184.356;1446.000
184.742;1473.000
185.128;1492.000
185.514;1464.000
185.900;1468.000
186.286;1454.000
186.672;1462.000
187.058;1459.000
187.443;1456.000
187.829;1473.000
188.215;1456.000
188.601;1448.000
188.987;1460.000
189.372;1464.000
189.758;1469.000
190.144;1463.000
190.529;1462.000
190.915;1486.000
191.301;1449.000
191.686;1465.000
192.072;1492.000
192.457;1493.000
192.843;1454.000
193.229;1485.000
193.614;1475.000
194.000;1471.000
194.385;1468.000
194.771;1487.000
195.156;1464.000
195.541;1452.000
195.927;1485.000
196.312;1479.000
196.698;1493.000
197.083;1479.000
197.468;1472.000
197.854;1463.000
198.239;1458.000
198.624;1489.000
199.009;1492.000
199.395;1480.000
199.780;1496.000
200.165;1451.000
200.550;1461.000
200.935;1485.000
201.321;1439.000
201.706;1505.000
202.091;1454.000
202.476;1474.000
202.861;1493.000
203.246;1452.000
203.631;1448.000
204.016;1474.000
204.401;1484.000
204.786;1478.000
205.171;1457.000
205.556;1480.000
205.941;1488.000
206.326;1461.000
206.711;1452.000
207.095;1539.000
207.480;1478.000
207.865;1458.000
208.250;1482.000
208.635;1476.000
209.019;1481.000
209.404;1499.000
209.789;1508.000
210.173;1459.000
210.558;1454.000
210.943;1464.000
211.327;1475.000
211.712;1451.000
212.097;1464.000
212.481;1455.000
212.866;1466.000
213.250;1446.000
213.635;1496.000
214.019;1450.000
214.404;1446.000
214.788;1445.000
215.173;1493.000
215.557;1524.000
215.942;1505.000
216.326;1494.000
216.710;1452.000
217.095;1452.000
217.479;1462.000
217.863;1448.000
218.248;1471.000
218.632;1453.000
219.016;1471.000
219.401;1462.000
219.785;1450.000
220.169;1475.000
220.553;1470.000
220.937;1459.000
221.321;1459.000
221.706;1461.000
222.090;1454.000
222.474;1489.000
222.858;1491.000
223.242;1474.000
223.626;1492.000
224.010;1476.000
224.394;1458.000
224.778;1463.000
225.162;1468.000
225.546;1454.000
225.930;1478.000
226.314;1504.000
226.697;1455.000
227.081;1499.000
227.465;1452.000
227.849;1470.000
228.233;1443.000
228.617;1462.000
229.000;1492.000
229.384;1488.000
229.768;1462.000
230.151;1481.000
230.535;1467.000
230.919;1480.000
231.302;1450.000
231.686;1457.000
232.070;1459.000
232.453;1475.000
232.837;1481.000
233.220;1529.000
233.604;1535.000
233.987;1485.000
234.371;1473.000
234.754;1457.000
235.138;1455.000
235.521;1464.000
235.905;1472.000
236.288;1487.000
236.671;1479.000
237.055;1478.000
237.438;1472.000
237.821;1469.000
238.205;1454.000
238.588;1465.000
238.971;1465.000
239.355;1479.000
239.738;1460.000
240.121;1481.000
240.504;1460.000
240.887;1471.000
241.271;1467.000
241.654;1491.000
242.037;1478.000
242.420;1486.000
242.803;1480.000
243.186;1487.000
243.569;1517.000
243.952;1455.000
244.335;1469.000
244.718;1449.000
245.101;1481.000
245.484;1479.000
245.867;1459.000
246.250;1477.000
246.633;1449.000
247.015;1471.000
247.398;1474.000
247.781;1475.000
248.164;1467.000
248.547;1526.000
248.930;1442.000
249.312;1479.000
249.695;1452.000
250.078;1454.000
250.460;1442.000
250.843;1473.000
251.226;1481.000
251.608;1520.000
251.991;1455.000
252.374;1453.000
252.756;1436.000
253.139;1471.000
253.521;1489.000
253.904;1475.000
254.286;1518.000
254.669;1477.000
255.051;1453.000
255.434;1471.000
255.816;1485.000
256.198;1489.000
256.581;1479.000
256.963;1509.000
257.346;1472.000
257.728;1447.000
258.110;1464.000
258.492;1472.000
258.875;1483.000
259.257;1460.000
259.639;1484.000
260.021;1484.000
260.404;1466.000
260.786;1463.000
261.168;1446.000
261.550;1472.000
261.932;1462.000
262.314;1480.000
262.696;1455.000
263.078;1480.000
263.461;1489.000
263.843;1468.000
264.225;1455.000
264.607;1443.000
264.989;1453.000
265.370;1460.000
265.752;1463.000
266.134;1462.000
266.516;1471.000
266.898;1478.000
267.280;1472.000
267.662;1498.000
268.044;1448.000
268.425;1452.000
268.807;1448.000
269.189;1496.000
269.571;1452.000
269.952;1454.000
270.334;1473.000
270.716;1453.000
271.097;1436.000
271.479;1432.000
271.861;1441.000
272.242;1466.000
272.624;1471.000
273.005;1451.000
273.387;1475.000
273.768;1480.000
274.150;1478.000
274.531;1527.000
274.913;1464.000
275.294;1453.000
275.676;1471.000
276.057;1457.000
276.439;1445.000
276.820;1443.000
277.201;1471.000
277.583;1493.000
277.964;1479.000
278.345;1450.000
278.727;1448.000
279.108;1445.000
279.489;1454.000
279.870;1454.000
280.252;1467.000
280.633;1471.000
281.014;1466.000
281.395;1468.000
281.776;1487.000
282.157;1483.000
282.538;1476.000
282.919;1472.000
283.301;1453.000
283.682;1505.000
284.063;1481.000
284.444;1467.000
284.825;1446.000
285.205;1460.000
285.586;1495.000
285.967;1456.000
286.348;1470.000
286.729;1459.000
287.110;1455.000
287.491;1469.000
287.872;1458.000
288.252;1447.000
288.633;1443.000
289.014;1450.000
289.395;1462.000
289.776;1458.000
290.156;1467.000
290.537;1486.000
290.918;1477.000
291.298;1471.000
291.679;1451.000
292.059;1452.000
292.440;1440.000
292.821;1445.000
293.201;1431.000
293.582;1439.000
293.962;1468.000
294.343;1457.000
294.723;1469.000
295.104;1470.000
295.484;1447.000
295.865;1478.000
296.245;1473.000
296.625;1453.000
297.006;1468.000
297.386;1474.000
297.766;1497.000
298.147;1493.000
298.527;1475.000
298.907;1455.000
299.288;1452.000
299.668;1446.000
300.048;1457.000
300.428;1495.000
300.808;1471.000
301.189;1506.000
301.569;1473.000
301.949;1455.000
302.329;1479.000
302.709;1493.000
303.089;1451.000
303.469;1454.000
303.849;1476.000
304.229;1451.000
304.609;1470.000
304.989;1459.000
305.369;1444.000
305.749;1481.000
306.129;1453.000
306.509;1489.000
306.889;1455.000
307.269;1463.000
307.648;1469.000
308.028;1446.000
308.408;1442.000
308.788;1474.000
309.168;1477.000
309.547;1449.000
309.927;1463.000
310.307;1459.000
310.686;1480.000
311.066;1468.000
311.446;1481.000
311.825;1456.000
312.205;1459.000
312.585;1498.000
312.964;1500.000
313.344;1490.000
313.723;1514.000
314.103;1500.000
314.482;1453.000
314.862;1459.000
315.241;1484.000
315.621;1474.000
316.000;1449.000
316.379;1450.000
316.759;1469.000
317.138;1457.000
317.518;1440.000
317.897;1455.000
318.276;1448.000
318.656;1437.000
319.035;1455.000
319.414;1447.000
319.793;1484.000
320.172;1480.000
320.552;1463.000
320.931;1456.000
321.310;1471.000
321.689;1450.000
322.068;1466.000
322.447;1456.000
322.826;1437.000
323.206;1479.000
323.585;1507.000
323.964;1472.000
324.343;1469.000
324.722;1456.000
325.101;1479.000
325.479;1452.000
325.858;1442.000
326.237;1465.000
326.616;1503.000
326.995;1495.000
327.374;1453.000
327.753;1451.000
328.132;1469.000
328.510;1462.000
328.889;1435.000
329.268;1456.000
329.647;1460.000
330.025;1456.000
330.404;1457.000
330.783;1503.000
331.161;1450.000
331.540;1455.000
331.919;1459.000
332.297;1495.000
332.676;1476.000
333.055;1470.000
333.433;1472.000
333.812;1447.000
334.190;1452.000
334.569;1504.000
334.947;1458.000
335.326;1451.000
335.704;1453.000
336.082;1447.000
336.461;1450.000
336.839;1477.000
337.218;1452.000
337.596;1463.000
337.974;1441.000
338.353;1477.000
338.731;1460.000
339.109;1453.000
339.487;1445.000
339.866;1474.000
340.244;1495.000
340.622;1438.000
341.000;1459.000
341.378;1469.000
341.756;1461.000
342.135;1469.000
342.513;1443.000
342.891;1490.000
343.269;1458.000
343.647;1452.000
344.025;1456.000
344.403;1448.000
344.781;1457.000
345.159;1464.000
345.537;1471.000
345.915;1461.000
346.293;1458.000
346.670;1443.000
347.048;1460.000
347.426;1475.000
347.804;1454.000
348.182;1516.000
348.560;1458.000
348.937;1482.000
349.315;1461.000
349.693;1453.000
350.071;1454.000
350.448;1462.000
350.826;1471.000
351.204;1439.000
351.581;1440.000
351.959;1503.000
352.337;1492.000
352.714;1471.000
353.092;1461.000
353.469;1463.000
353.847;1457.000
354.224;1518.000
354.602;1488.000
354.979;1478.000
355.357;1512.000
355.734;1475.000
356.112;1454.000
356.489;1448.000
356.866;1458.000
357.244;1492.000
357.621;1487.000
357.998;1467.000
358.376;1480.000
358.753;1458.000
359.130;1474.000
359.508;1470.000
359.885;1460.000
360.262;1461.000
360.639;1467.000
361.016;1492.000
361.394;1475.000
361.771;1449.000
362.148;1456.000
362.525;1462.000
362.902;1456.000
363.279;1472.000
363.656;1447.000
364.033;1444.000
364.410;1546.000
364.787;1461.000
365.164;1471.000
365.541;1449.000
365.918;1478.000
366.295;1458.000
366.672;1450.000
367.049;1459.000
367.426;1463.000
367.802;1458.000
368.179;1460.000
368.556;1451.000
368.933;1450.000
369.310;1467.000
369.686;1446.000
370.063;1479.000
370.440;1528.000
370.816;1469.000
371.193;1483.000
371.570;1469.000
371.946;1448.000
372.323;1470.000
372.700;1459.000
373.076;1449.000
373.453;1512.000
373.829;1508.000
374.206;1477.000
374.582;1451.000
374.959;1477.000
375.335;1447.000
375.712;1456.000
376.088;1443.000
376.464;1459.000
376.841;1460.000
377.217;1450.000
377.594;1457.000
377.970;1477.000
378.346;1476.000
378.722;1473.000
379.099;1449.000
379.475;1463.000
379.851;1464.000
380.227;1473.000
380.604;1453.000
380.980;1472.000
381.356;1469.000
381.732;1459.000
382.108;1465.000
382.484;1456.000
382.860;1465.000
383.236;1479.000
383.613;1463.000
383.989;1443.000
384.365;1464.000
384.741;1467.000
385.117;1447.000
385.492;1458.000
385.868;1466.000
386.244;1511.000
386.620;1477.000
386.996;1455.000
387.372;1468.000
387.748;1441.000
388.124;1442.000
388.499;1465.000
388.875;1454.000
389.251;1490.000
389.627;1469.000
390.002;1444.000
390.378;1469.000
390.754;1486.000
391.130;1453.000
391.505;1440.000
391.881;1455.000
392.256;1457.000
392.632;1440.000
393.008;1510.000
393.383;1453.000
393.759;1471.000
394.134;1472.000
394.510;1490.000
394.885;1471.000
395.261;1454.000
395.636;1438.000
396.012;1462.000
396.387;1445.000
396.762;1436.000
397.138;1455.000
397.513;1496.000
397.888;1445.000
398.264;1481.000
398.639;1452.000
399.014;1490.000
399.390;1461.000
399.765;1512.000
400.140;1462.000
400.515;1508.000
400.890;1482.000
401.266;1492.000
401.641;1471.000
402.016;1465.000
402.391;1482.000
402.766;1467.000
403.141;1488.000
403.516;1514.000
403.891;1484.000
404.266;1491.000
404.641;1483.000
405.016;1454.000
405.391;1464.000
405.766;1448.000
406.141;1444.000
406.516;1443.000
406.891;1451.000
407.266;1452.000
407.641;1453.000
408.015;1449.000
408.390;1488.000
408.765;1459.000
409.140;1454.000
409.514;1462.000
409.889;1497.000
410.264;1448.000
410.639;1469.000
411.013;1500.000
411.388;1458.000
411.763;1472.000
412.137;1459.000
412.512;1468.000
412.886;1445.000
413.261;1441.000
413.636;1456.000
414.010;1462.000
414.385;1465.000
414.759;1476.000
415.134;1448.000
415.508;1452.000
415.882;1478.000
416.257;1500.000
416.631;1448.000
417.006;1440.000
417.380;1463.000
417.754;1466.000
418.129;1486.000
418.503;1450.000
418.877;1443.000
419.252;1436.000
419.626;1440.000
420.000;1454.000
420.374;1478.000
420.748;1441.000
421.123;1451.000
421.497;1448.000
421.871;1491.000
422.245;1447.000
422.619;1497.000
422.993;1474.000
423.367;1447.000
423.741;1443.000
424.115;1467.000
424.489;1486.000
424.863;1470.000
425.237;1495.000
425.611;1475.000
425.985;1477.000
426.359;1472.000
426.733;1457.000
427.107;1457.000
427.481;1465.000
427.855;1459.000
428.228;1443.000
428.602;1452.000
428.976;1469.000
429.350;1466.000
429.723;1475.000
430.097;1460.000
430.471;1469.000
430.845;1454.000
431.218;1471.000
431.592;1487.000
431.965;1491.000
432.339;1464.000
432.713;1472.000
433.086;1495.000
433.460;1479.000
433.833;1460.000
434.207;1464.000
434.580;1447.000
434.954;1444.000
435.327;1447.000
435.701;1440.000
436.074;1461.000
436.448;1467.000
436.821;1439.000
437.194;1475.000
437.568;1549.000
437.941;1449.000
438.314;1465.000
438.688;1492.000
439.061;1470.000
439.434;1492.000
439.807;1451.000
440.181;1442.000
440.554;1445.000
440.927;1447.000
441.300;1453.000
441.673;1479.000
442.047;1461.000
442.420;1467.000
442.793;1458.000
443.166;1463.000
443.539;1690.000
443.912;1468.000
444.285;1453.000
444.658;1463.000
445.031;1452.000
445.404;1468.000
445.777;1477.000
446.150;1466.000
446.523;1451.000
446.896;1448.000
447.268;1501.000
447.641;1537.000
448.014;1451.000
448.387;1485.000
448.760;1456.000
449.132;1461.000
449.505;1464.000
449.878;1480.000
450.251;1458.000
450.623;1486.000
450.996;1488.000
451.369;1443.000
451.741;1443.000
452.114;1454.000
452.487;1491.000
452.859;1479.000
453.232;1473.000
453.604;1469.000
453.977;1451.000
454.349;1452.000
454.722;1456.000
455.094;1484.000
455.467;1467.000
455.839;1460.000
456.212;1446.000
456.584;1464.000
456.956;1456.000
457.329;1432.000
457.701;1485.000
458.073;1458.000
458.446;1456.000
458.818;1452.000
459.190;1440.000
459.563;1453.000
459.935;1461.000
460.307;1472.000
460.679;1492.000
461.051;1450.000
461.424;1466.000
461.796;1453.000
462.168;1489.000
462.540;1438.000
462.912;1460.000
463.284;1441.000
463.656;1439.000
464.028;1452.000
464.400;1484.000
464.772;1443.000
465.144;1449.000
465.516;1444.000
465.888;1445.000
466.260;1461.000
466.632;1450.000
467.004;1459.000
467.376;1476.000
467.747;1465.000
468.119;1463.000
468.491;1460.000
468.863;1449.000
469.235;1457.000
469.606;1497.000
469.978;1455.000
470.350;1461.000
470.722;1470.000
471.093;1451.000
471.465;1468.000
471.836;1452.000
472.208;1452.000
472.580;1471.000
472.951;1463.000
473.323;1448.000
473.694;1499.000
474.066;1456.000
474.437;1446.000
474.809;1455.000
475.180;1475.000
475.552;1456.000
475.923;1449.000
476.295;1445.000
476.666;1451.000
477.038;1451.000
477.409;1466.000
477.780;1462.000
478.152;1450.000
478.523;1467.000
478.894;1471.000
479.265;1503.000
479.637;1472.000
480.008;1471.000
480.379;1457.000
480.750;1481.000
481.121;1469.000
481.493;1450.000
481.864;1458.000
482.235;1500.000
482.606;1484.000
482.977;1470.000
483.348;1441.000
483.719;1466.000
484.090;1480.000
484.461;1447.000
484.832;1496.000
485.203;1471.000
485.574;1456.000
485.945;1445.000
486.316;1449.000
486.687;1491.000
487.058;1460.000
487.429;1449.000
487.799;1463.000
488.170;1502.000
488.541;1458.000
488.912;1484.000
489.283;1440.000
489.653;1487.000
490.024;1472.000
490.395;1462.000
490.766;1467.000
491.136;1465.000
491.507;1476.000
491.877;1441.000
492.248;1474.000
492.619;1454.000
492.989;1466.000
493.360;1458.000
493.730;1460.000
494.101;1481.000
494.471;1484.000
494.842;1465.000
495.212;1452.000
495.583;1443.000
495.953;1455.000
496.324;1510.000
496.694;1462.000
497.064;1516.000
497.435;1520.000
497.805;1459.000
498.176;1498.000
498.546;1467.000
498.916;1469.000
499.286;1481.000
499.657;1478.000
500.027;1445.000
500.397;1499.000
500.767;1438.000
501.137;1475.000
501.508;1453.000
501.878;1472.000
502.248;1472.000
502.618;1471.000
502.988;1459.000
503.358;1449.000
503.728;1443.000
504.098;1439.000
504.468;1527.000
504.838;1516.000
505.208;1486.000
505.578;1475.000
505.948;1440.000
506.318;1495.000
506.688;1439.000
507.058;1471.000
507.428;1462.000
507.797;1455.000
508.167;1450.000
508.537;1451.000
508.907;1459.000
509.277;1469.000
509.646;1484.000
510.016;1489.000
510.386;1518.000
510.756;1482.000
511.125;1508.000
511.495;1448.000
511.864;1477.000
512.234;1463.000
512.604;1453.000
512.973;1450.000
513.343;1488.000
513.712;1474.000
514.082;1478.000
514.451;1453.000
514.821;1482.000
515.190;1468.000
515.560;1472.000
515.929;1454.000
516.299;1471.000
516.668;1458.000
517.037;1446.000
517.407;1470.000
517.776;1452.000
518.146;1449.000
518.515;1456.000
518.884;1448.000
519.253;1462.000
519.623;1447.000
519.992;1453.000
520.361;1464.000
520.730;1438.000
521.099;1448.000
521.469;1461.000
521.838;1468.000
522.207;1460.000
522.576;1455.000
522.945;1459.000
523.314;1471.000
523.683;1483.000
524.052;1460.000
524.421;1447.000
524.790;1462.000
525.159;1464.000
525.528;1453.000
525.897;1454.000
526.266;1475.000
526.635;1480.000
527.004;1483.000
527.373;1468.000
527.741;1471.000
528.110;1463.000
528.479;1464.000
528.848;1462.000
529.217;1476.000
529.585;1467.000
529.954;1479.000
530.323;1463.000
530.692;1458.000
531.060;1482.000
531.429;1468.000
531.798;1472.000
532.166;1523.000
532.535;1460.000
532.903;1462.000
533.272;1459.000
533.640;1472.000
534.009;1459.000
534.378;1456.000
534.746;1488.000
535.115;1472.000
535.483;1472.000
535.851;1480.000
536.220;1467.000
536.588;1459.000
536.957;1455.000
537.325;1475.000
537.693;1451.000
538.062;1455.000
538.430;1468.000
538.798;1444.000
539.167;1444.000
539.535;1496.000
539.903;1464.000
540.271;1490.000
540.639;1443.000
541.008;1487.000
541.376;1447.000
541.744;1444.000
542.112;1447.000
542.480;1474.000
542.848;1446.000
543.216;1457.000
543.584;1457.000
543.952;1442.000
544.320;1462.000
544.688;1459.000
545.056;1459.000
545.424;1497.000
545.792;1472.000
546.160;1468.000
546.528;1472.000
546.896;1477.000
547.264;1443.000
547.632;1470.000
548.000;1456.000
548.367;1467.000
548.735;1453.000
549.103;1455.000
549.471;1470.000
549.838;1513.000
550.206;1468.000
550.574;1450.000
550.942;1484.000
551.309;1476.000
551.677;1456.000
552.045;1456.000
552.412;1451.000
552.780;1458.000
553.147;1490.000
553.515;1449.000
553.882;1455.000
554.250;1445.000
554.617;1458.000
554.985;1466.000
555.352;1472.000
555.720;1446.000
556.087;1450.000
556.455;1482.000
556.822;1443.000
557.189;1463.000
557.557;1497.000
557.924;1442.000
558.291;1450.000
558.659;1490.000
559.026;1458.000
559.393;1523.000
559.760;1453.000
560.128;1470.000
560.495;1499.000
560.862;1455.000
561.229;1478.000
561.596;1495.000
561.964;1455.000
562.331;1464.000
562.698;1447.000
563.065;1573.000
563.432;2040.000
563.799;1498.000
564.166;1479.000
564.533;1453.000
564.900;1456.000
565.267;1459.000
565.634;1442.000
566.001;1457.000
566.368;1466.000
566.735;1442.000
567.101;1479.000
567.468;1500.000
567.835;1470.000
568.202;1481.000
568.569;1467.000
568.936;1451.000
569.302;1523.000
569.669;1498.000
570.036;1462.000
570.403;1479.000
570.769;1488.000
571.136;1444.000
571.503;1459.000
571.869;1478.000
572.236;1485.000
572.602;1500.000
572.969;1490.000
573.336;1498.000
573.702;1465.000
574.069;1461.000
574.435;1451.000
574.802;1506.000
575.168;1456.000
575.535;1485.000
575.901;1456.000
576.267;1463.000
576.634;1491.000
577.000;1452.000
577.367;1479.000
577.733;1467.000
578.099;1485.000
578.466;1443.000
578.832;1444.000
579.198;1460.000
579.564;1472.000
579.931;1487.000
580.297;1451.000
580.663;1468.000
581.029;1479.000
581.395;1473.000
581.761;1532.000
582.128;1451.000
582.494;1509.000
582.860;1471.000
583.226;1463.000
583.592;1474.000
583.958;1467.000
584.324;1441.000
584.690;1455.000
585.056;1491.000
585.422;1483.000
585.788;1491.000
586.154;1460.000
586.520;1487.000
586.886;1448.000
587.251;1473.000
587.617;1467.000
587.983;1459.000
588.349;1473.000
588.715;1492.000
589.080;1454.000
589.446;1456.000
589.812;1472.000
590.178;1453.000
590.543;1506.000
590.909;1447.000
591.275;1494.000
591.640;1486.000
592.006;1495.000
592.372;1494.000
592.737;1449.000
593.103;1471.000
593.468;1488.000
593.834;1481.000
594.199;1465.000
594.565;1464.000
594.930;1443.000
595.296;1478.000
595.661;1482.000
596.027;1497.000
596.392;1472.000
596.758;1454.000
597.123;1453.000
597.488;1469.000
597.854;1474.000
598.219;1506.000
598.584;1476.000
598.950;1460.000
599.315;1453.000
599.680;1460.000
600.045;1455.000
600.410;1471.000
600.776;1525.000
601.141;1461.000
601.506;1486.000
601.871;1452.000
602.236;1447.000
602.601;1478.000
602.966;1460.000
603.331;1493.000
603.697;1474.000
604.062;1484.000
604.427;1448.000
604.792;1472.000
605.157;1466.000
605.521;1495.000
605.886;1487.000
606.251;1497.000
606.616;1466.000
606.981;1497.000
607.346;1499.000
607.711;1472.000
608.076;1457.000
608.440;1491.000
608.805;1451.000
609.170;1472.000
609.535;1471.000
609.899;1454.000
610.264;1472.000
610.629;1505.000
610.994;1459.000
611.358;1444.000
611.723;1471.000
612.088;1480.000
612.452;1483.000
612.817;1469.000
613.181;1458.000
613.546;1481.000
613.910;1462.000
614.275;1584.000
614.639;1465.000
615.004;1450.000
615.368;1447.000
615.733;1452.000
616.097;1477.000
616.462;1472.000
616.826;1479.000
617.190;1459.000
617.555;1469.000
617.919;1474.000
618.283;1455.000
618.648;1461.000
619.012;1509.000
619.376;1481.000
619.740;1468.000
620.105;1456.000
620.469;1470.000
620.833;1460.000
621.197;1479.000
621.561;1459.000
621.925;1463.000
622.290;1463.000
622.654;1519.000
623.018;1460.000
623.382;1466.000
623.746;1511.000
624.110;1483.000
624.474;1485.000
624.838;1458.000
625.202;1507.000
625.566;1492.000
625.930;1478.000
626.294;1478.000
626.658;1449.000
627.021;1498.000
627.385;1496.000
627.749;1509.000
628.113;1447.000
628.477;1491.000
628.841;1542.000
629.204;1471.000
629.568;1501.000
629.932;1469.000
630.295;1447.000
630.659;1456.000
631.023;1461.000
631.386;1494.000
631.750;1455.000
632.114;1466.000
632.477;1470.000
632.841;1486.000
633.205;1462.000
633.568;1450.000
633.932;1451.000
634.295;1482.000
634.659;1454.000
635.022;1470.000
635.386;1440.000
635.749;1472.000
636.112;1459.000
636.476;1488.000
636.839;1478.000
637.203;1452.000
637.566;1481.000
637.929;1477.000
638.293;1469.000
638.656;1464.000
639.019;1466.000
639.382;1490.000
639.746;1464.000
640.109;1432.000
640.472;1459.000
640.835;1454.000
641.198;1446.000
641.562;1484.000
641.925;1459.000
642.288;1508.000
642.651;1456.000
643.014;1478.000
643.377;1463.000
643.740;1482.000
644.103;1451.000
644.466;1495.000
644.829;1461.000
645.192;1474.000
645.555;1449.000
645.918;1467.000
646.281;1445.000
646.644;1496.000
647.007;1525.000
647.369;1537.000
647.732;1495.000
648.095;1471.000
648.458;1467.000
648.821;1481.000
649.183;1456.000
649.546;1456.000
649.909;1486.000
650.272;1454.000
650.634;1520.000
650.997;1443.000
651.360;1468.000
651.722;1470.000
652.085;1455.000
652.448;1457.000
652.810;1472.000
653.173;1483.000
653.535;1472.000
653.898;1517.000
654.260;1486.000
654.623;1438.000
654.985;1446.000
655.348;1442.000
655.710;1503.000
656.073;1484.000
656.435;1473.000
656.797;1467.000
657.160;1459.000
657.522;1439.000
657.884;1444.000
658.247;1448.000
658.609;1463.000
658.971;1468.000
659.334;1486.000
659.696;1459.000
660.058;1489.000
660.420;1464.000
660.782;1469.000
661.145;1488.000
661.507;1470.000
661.869;1515.000
662.231;1455.000
662.593;1457.000
662.955;1546.000
663.317;1469.000
663.679;1493.000
664.041;1480.000
664.403;1462.000
664.765;1453.000
665.127;1444.000
665.489;1463.000
665.851;1479.000
666.213;1463.000
666.575;1533.000
666.937;1475.000
667.299;1462.000
667.660;1460.000
668.022;1466.000
668.384;1501.000
668.746;1451.000
669.108;1448.000
669.469;1471.000
669.831;1457.000
670.193;1472.000
670.555;1488.000
670.916;1472.000
671.278;1450.000
671.640;1451.000
672.001;1477.000
672.363;1454.000
672.724;1504.000
673.086;1468.000
673.447;1462.000
673.809;1456.000
674.171;1468.000
674.532;1451.000
674.894;1481.000
675.255;1484.000
675.616;1463.000
675.978;1488.000
676.339;1517.000
676.701;1452.000
677.062;1499.000
677.423;1485.000
677.785;1470.000
678.146;1498.000
678.507;1465.000
678.869;1454.000
679.230;1478.000
679.591;1474.000
679.952;1463.000
680.314;1470.000
680.675;1499.000
681.036;1480.000
681.397;1471.000
681.758;1458.000
682.119;1469.000
682.480;1465.000
682.841;1479.000
683.203;1450.000
683.564;1455.000
683.925;1470.000
684.286;1488.000
684.647;1507.000
685.008;1472.000
685.369;1457.000
685.729;1449.000
686.090;1463.000
686.451;1493.000
686.812;1505.000
687.173;1482.000
687.534;1460.000
687.895;1495.000
688.256;1492.000
688.616;1476.000
688.977;1473.000
689.338;1475.000
689.699;1469.000
690.059;1476.000
690.420;1501.000
690.781;1504.000
691.141;1487.000
691.502;1510.000
691.863;1455.000
692.223;1472.000
692.584;1469.000
692.944;1463.000
693.305;1451.000
693.665;1504.000
694.026;1477.000
694.387;1456.000
694.747;1456.000
695.107;1463.000
695.468;1455.000
695.828;1492.000
696.189;1508.000
696.549;1455.000
696.910;1471.000
697.270;1468.000
697.630;1463.000
697.991;1490.000
698.351;1453.000
698.711;1485.000
699.071;1479.000
699.432;1459.000
699.792;1470.000
700.152;1490.000
700.512;1523.000
700.872;1619.000
701.233;1468.000
701.593;1464.000
701.953;1472.000
702.313;1488.000
702.673;1666.000
703.033;1489.000
703.393;1477.000
703.753;1542.000
704.113;1522.000
704.473;1482.000
704.833;1486.000
705.193;1456.000
705.553;1509.000
705.913;1496.000
706.273;1451.000
706.633;1508.000
706.993;1470.000
707.353;1454.000
707.712;1491.000
708.072;1495.000
708.432;1454.000
708.792;1457.000
709.152;1462.000
709.511;1467.000
709.871;1455.000
710.231;1475.000
710.590;1468.000
710.950;1450.000
711.310;1465.000
711.669;1488.000
712.029;1494.000
712.389;1492.000
712.748;1478.000
713.108;1461.000
713.467;1479.000
713.827;1454.000
714.186;1469.000
714.546;1466.000
714.905;1455.000
715.265;1468.000
715.624;1490.000
715.984;1467.000
716.343;1466.000
716.702;1521.000
717.062;1493.000
717.421;1455.000
717.780;1503.000
718.140;1476.000
718.499;1476.000
718.858;1472.000
719.218;1489.000
719.577;1454.000
719.936;1453.000
720.295;1460.000
720.654;1458.000
721.014;1458.000
721.373;1506.000
721.732;1484.000
722.091;1464.000
722.450;1471.000
722.809;1446.000
723.168;1466.000
723.527;1474.000
723.886;1499.000
724.245;1490.000
724.604;1453.000
724.963;1493.000
725.322;1492.000
725.681;1456.000
726.040;1496.000
726.399;1547.000
726.758;1463.000
727.117;1486.000
727.476;1463.000
727.834;1449.000
728.193;1451.000
728.552;1495.000
728.911;1538.000
729.269;1501.000
729.628;1482.000
729.987;1483.000
730.346;1555.000
730.704;1487.000
731.063;1487.000
731.422;1473.000
731.780;1466.000
732.139;1457.000
732.497;1473.000
732.856;1445.000
733.215;1506.000
733.573;1492.000
733.932;1536.000
734.290;1471.000
734.649;1462.000
735.007;1537.000
735.366;1478.000
735.724;1490.000
736.082;1470.000
736.441;1462.000
736.799;1457.000
737.158;1469.000
737.516;1452.000
737.874;1466.000
738.232;1455.000
738.591;1453.000
738.949;1483.000
739.307;1445.000
739.666;1479.000
740.024;1468.000
740.382;1480.000
740.740;1456.000
741.098;1448.000
741.456;1455.000
741.815;1490.000
742.173;1529.000
742.531;1479.000
742.889;1491.000
743.247;1475.000
743.605;1490.000
743.963;1514.000
744.321;1462.000
744.679;1471.000
745.037;1471.000
745.395;1467.000
745.753;1496.000
746.111;1473.000
746.469;1476.000
746.826;1476.000
747.184;1461.000
747.542;1527.000
747.900;1475.000
748.258;1484.000
748.616;1477.000
748.973;1501.000
749.331;1487.000
749.689;1489.000
750.046;1496.000
750.404;1477.000
750.762;1478.000
751.119;1522.000
751.477;1528.000
751.835;1467.000
752.192;1454.000
752.550;1481.000
752.908;1460.000
753.265;1479.000
753.623;1494.000
753.980;1501.000
754.338;1514.000
754.695;1484.000
755.053;1503.000
755.410;1471.000
755.767;1453.000
756.125;1475.000
756.482;1476.000
756.840;1541.000
757.197;1489.000
757.554;1509.000
757.912;1487.000
758.269;1498.000
758.626;1467.000
758.983;1475.000
759.341;1508.000
759.698;1480.000
760.055;1487.000
760.412;1470.000
760.769;1478.000
761.127;1479.000
761.484;1473.000
761.841;1498.000
762.198;1554.000
762.555;1486.000
762.912;1456.000
763.269;1479.000
763.626;1477.000
763.983;1507.000
764.340;1510.000
764.697;1488.000
765.054;1483.000
765.411;1488.000
765.768;1459.000
766.125;1510.000
766.482;1491.000
766.839;1465.000
767.196;1458.000
767.552;1475.000
767.909;1452.000
768.266;1469.000
768.623;1513.000
768.980;1490.000
769.336;1467.000
769.693;1533.000
770.050;1461.000
770.406;1471.000
770.763;1511.000
771.120;1465.000
771.476;1503.000
771.833;1495.000
772.190;1489.000
772.546;1470.000
772.903;1496.000
773.259;1513.000
773.616;1468.000
773.972;1491.000
774.329;1486.000
774.685;1489.000
775.042;1511.000
775.398;1471.000
775.755;1517.000
776.111;1467.000
776.467;1458.000
776.824;1471.000
777.180;1504.000
777.536;1513.000
777.893;1482.000
778.249;1471.000
778.605;1509.000
778.962;1486.000
779.318;1471.000
779.674;1462.000
780.030;1547.000
780.387;1473.000
780.743;1472.000
781.099;1458.000
781.455;1463.000
781.811;1479.000
782.167;1515.000
782.523;1480.000
782.879;1494.000
783.235;1507.000
783.591;1458.000
783.947;1499.000
784.303;1471.000
784.659;1458.000
785.015;1464.000

